Residue,Experimental,Predicted,Unscaled,x_line,y_line
1.0,131.35,94.88223667662086,0.5682906040983364,0.4579440380570649,76.45868907601934
2.0,135.46,93.15685523119186,0.5579565510841276,0.4679440380570649,78.12829677307361
3.0,125.69,91.49972134959285,0.5480312621403671,0.4779440380570649,79.7979044701279
4.0,92.8,88.47416659802201,0.5299099108977436,0.48794403805706493,81.46751216718218
5.0,56.36,91.4083798841887,0.5474841787412831,0.49794403805706494,83.13711986423647
6.0,72.94,88.09047065631218,0.5276117905525464,0.507944038057065,84.80672756129076
7.0,189.16,88.4605270030201,0.5298282174854171,0.517944038057065,86.47633525834503
8.0,84.03,89.5922289337855,0.5366064680454863,0.527944038057065,88.14594295539932
9.0,86.83,89.01406484067705,0.5331435941372711,0.537944038057065,89.8155506524536
10.0,118.52,88.40069832918888,0.5294698777752158,0.547944038057065,91.48515834950787
11.0,117.91,86.57825264016456,0.5185544651771564,0.557944038057065,93.15476604656216
12.0,49.03,85.14808002099039,0.5099885450409625,0.5679440380570651,94.82437374361643
13.0,80.93,84.6891344374195,0.5072397221625065,0.5779440380570651,96.49398144067072
14.0,137.86,82.19559127151555,0.4923048175720249,0.5879440380570651,98.163589137725
15.0,54.33,81.60444826245131,0.48876420734300396,0.5979440380570651,99.83319683477929
16.0,72.13,84.12723275422637,0.5038742508354127,0.6079440380570651,101.50280453183356
17.0,145.81,83.3248667648902,0.4990685351529096,0.6179440380570651,103.17241222888784
18.0,95.41,81.97556478489717,0.4909869841252423,0.6279440380570651,104.84201992594213
19.0,101.93,84.82174383869746,0.5080339770135828,0.6379440380570651,106.5116276229964
20.0,87.75,85.880422347119,0.5143748588284509,0.6479440380570651,108.18123532005069
21.0,91.97,90.90473339519784,0.5444676228768158,0.6579440380570651,109.85084301710496
22.0,120.3,89.87675036808545,0.5383105895274484,0.6679440380570651,111.52045071415925
23.0,101.44,88.49510639963873,0.5300353283934444,0.6779440380570652,113.19005841121353
24.0,92.59,92.43790732543015,0.5536504622524208,0.6879440380570652,114.8596661082678
25.0,87.48,91.61660635084695,0.5487313367834125,0.6979440380570652,116.52927380532209
26.0,89.29,93.99525307107913,0.5629780770471815,0.7079440380570652,118.19888150237637
27.0,39.45,93.89513880426243,0.5623784495598781,0.7179440380570652,119.86848919943066
28.0,89.43,93.30511649520092,0.5588445516861291,0.7279440380570652,121.53809689648493
29.0,74.99,91.7248681481667,0.5493797633420032,0.7379440380570652,123.20770459353922
30.0,36.85,92.2783073453978,0.5526945491938386,0.7479440380570652,124.8773122905935
31.0,55.06,91.56684542805101,0.5484332971727678,0.7579440380570652,126.54691998764777
32.0,101.85,90.70093644946003,0.5432469951443409,0.7679440380570652,128.21652768470204
33.0,102.11,87.36127858636584,0.523244345006908,0.7779440380570652,129.88613538175633
34.0,54.82,89.92585397636512,0.5386046921981913,0.7879440380570653,131.55574307881062
35.0,135.2,89.05970058317838,0.5334169262654221,0.7979440380570653,133.2253507758649
36.0,114.32,86.53496224112018,0.5182951803216735,0.8079440380570653,134.89495847291917
37.0,96.53,87.17841661312907,0.5221491058464789,0.8179440380570653,136.56456616997346
38.0,91.33,88.69397535387326,0.5312264402611327,0.8279440380570653,138.23417386702775
39.0,97.37,88.6022244695281,0.5306769046755755,0.8379440380570653,139.903781564082
40.0,148.35,90.28813554494157,0.5407745526343622,0.8479440380570653,141.5733892611363
41.0,79.09,90.28666836984117,0.5407657650904201,0.8579440380570653,143.2429969581906
42.0,63.22,90.65662574311872,0.5429815992287645,0.8679440380570653,144.91260465524488
43.0,133.11,90.63803361187693,0.5428702429426466,0.8779440380570653,146.58221235229914
44.0,76.82,90.96403605874299,0.5448228120847345,0.8879440380570653,148.25182004935343
45.0,83.27,91.6808225542661,0.5491159552990821,0.8979440380570654,149.92142774640772
46.0,95.45,93.94455143630029,0.5626744031070798,0.9079440380570654,151.59103544346198
47.0,110.56,96.18077564823624,0.5760681135929704,0.9179440380570654,153.26064314051627
48.0,115.02,98.01648064487863,0.5870629418983332,0.9279440380570654,154.93025083757055
49.0,105.29,99.04097497479273,0.5931990799367577,0.9379440380570654,156.59985853462484
50.0,85.01,98.93969160126318,0.5925924501655351,0.9479440380570654,158.2694662316791
51.0,54.82,98.21811437174765,0.5882706131807833,0.9579440380570654,159.9390739287334
52.0,75.39,98.83329275560627,0.5919551816272752,0.9679440380570654,161.60868162578768
53.0,125.28,100.5667238501399,0.6023374474588952,0.9779440380570654,163.27828932284194
54.0,114.74,102.47215540438951,0.6137498981657972,0.9879440380570654,164.94789701989623
55.0,50.04,102.43146402865686,0.6135061799809539,0.9979440380570654,166.61750471695052
56.0,65.0,105.09950787115255,0.6294862443230324,1.0079440380570655,168.2871124140048
57.0,95.69,106.89252442362651,0.6402253931400713,1.0179440380570655,169.95672011105907
58.0,94.59,110.5154340264876,0.6619245600117446,1.0279440380570655,171.62632780811336
59.0,83.16,115.58433985740689,0.6922844214322594,1.0379440380570655,173.29593550516765
60.0,128.72,119.37271902217832,0.7149746568178253,1.0479440380570655,174.9655432022219
61.0,108.27,121.76851078997659,0.7293240861599709,1.0579440380570655,176.6351508992762
62.0,74.95,127.50974822055565,0.7637108312660724,1.0679440380570655,178.3047585963305
63.0,129.11,131.7249090964031,0.7889572462369925,1.0779440380570655,179.97436629338475
64.0,82.73,135.7191547433893,0.8128805047008419,1.0879440380570655,181.64397399043904
65.0,79.43,139.51046927681958,0.8355883212742763,1.0979440380570655,183.31358168749333
66.0,159.24,143.53131329014357,0.8596708888164484,1.1079440380570655,184.98318938454761
67.0,136.01,147.11231889865465,0.8811190746078118,1.1179440380570655,186.65279708160188
68.0,108.24,150.38226476330544,0.9007041895448118,1.1279440380570656,188.32240477865616
69.0,137.41,152.16803089786623,0.9113999124844667,1.1379440380570656,189.99201247571045
70.0,200.0,156.0801954156681,0.9348315516935107,1.1479440380570656,191.6616201727647
71.0,154.81,158.4639315623882,0.9491087747257583,1.1579440380570656,193.331227869819
72.0,200.0,159.8930271761095,0.9576682442121692,1.1679440380570656,195.0008355668733
73.0,161.02,161.1964872520074,0.9654752283210566,,
74.0,200.0,163.04862752161287,0.9765684945588277,,
75.0,190.44,164.0943403111622,0.9828317190959108,,
76.0,200.0,163.10737295741887,0.9769203462896842,,
77.0,200.0,162.9138747770034,0.9757614023008845,,
78.0,200.0,159.2891219436847,0.9540511955276771,,
79.0,199.71,158.81676314296186,0.9512220351113936,,
80.0,200.0,156.82788367302544,0.9393097788763184,,
81.0,200.0,155.24779523418366,0.929845948291268,,
82.0,190.85,156.1467869339484,0.9352303969935042,,
83.0,200.0,150.7728002510514,0.9030432748786599,,
84.0,200.0,148.66029929745304,0.8903905963043728,,
85.0,171.66,145.6125858137494,0.8721365268659007,,
86.0,182.02,143.19644216777493,0.8576652013549,,
87.0,200.0,139.01823074690063,0.8326400925928477,,
88.0,126.95,134.10876166819693,0.8032351665891788,,
89.0,153.97,130.9336692073208,0.7842181695636021,,
90.0,133.03,127.36986304626517,0.7628729986749956,,
91.0,200.0,125.89501150444636,0.7540394772171051,,
92.0,170.63,122.6259716958358,0.7344597890401867,,
93.0,123.88,120.88302547536514,0.7240205330188725,,
94.0,117.99,117.19115287750328,0.7019083170511604,,
95.0,79.38,111.0504885386584,0.66512923206204,,
96.0,86.96,110.06359502952718,0.659218301543018,,
97.0,60.9,107.68558149042268,0.6449753536738864,,
98.0,72.77,100.25476199329823,0.6004689734611287,,
99.0,90.22,99.5739269966933,0.5963911592667756,,
100.0,77.9,101.97848112157128,0.61079307014153,,
101.0,66.22,100.20615345020123,0.6001778359491086,,
102.0,68.59,97.84426447233723,0.5860314650259802,,
103.0,58.48,99.21054341909183,0.5942146984236529,,
104.0,56.33,98.06655667117016,0.587362868799604,,
105.0,72.19,97.3463491538134,0.5830492356112362,,
106.0,100.97,98.14847960241542,0.5878535405387784,,
107.0,98.62,98.25877362671041,0.5885141389804937,,
108.0,72.88,97.56752352894014,0.5843739442569675,,
109.0,123.26,99.04316536527593,0.5932121991292905,,
110.0,115.74,98.27242564874952,0.5885959068237013,,
111.0,74.59,99.1624645454002,0.5939267333299578,,
112.0,44.57,99.17817829500125,0.5940208497480168,,
113.0,83.66,99.75516367287536,0.5974766638227369,,
114.0,86.69,99.17475961217015,0.594000373783291,,
115.0,55.93,97.24092313535498,0.5824177937542993,,
116.0,58.83,96.24849681742624,0.576473724859075,,
117.0,94.23,95.16646490765616,0.5699929694595932,,
118.0,75.86,93.48467989838771,0.5599200342890399,,
119.0,72.23,92.44219152333098,0.5536761221598852,,
120.0,71.3,89.65296992574847,0.5369702720221338,,
121.0,135.04,90.13817470209699,0.5398763725222966,,
122.0,77.61,88.3521718648455,0.5291792318682222,,
123.0,93.39,86.8661918896202,0.5202790574269625,,
124.0,76.8,86.9402682509159,0.5207227326773006,,
125.0,104.28,86.42398410609277,0.5176304844459705,,
126.0,115.27,86.770856651039,0.5197080535992405,,
127.0,82.5,86.59527931877334,0.5186564452928376,,
128.0,94.15,86.32750498305745,0.5170526294013061,,
129.0,98.15,86.28873422026139,0.5168204145950108,,
130.0,86.33,86.63607987265743,0.5189008173926792,,
131.0,148.89,85.09681978206778,0.5096815253799184,,
132.0,95.26,85.64396820946803,0.5129586331002864,,
133.0,146.75,85.51214237877032,0.512169071391088,,
134.0,107.96,83.47213313152295,0.49995057688578237,,
135.0,119.72,83.54566429791248,0.5003909867288806,,
136.0,157.72,81.351414999116,0.48724868208649164,,
137.0,129.62,84.16672522645146,0.5041107882704926,,
138.0,153.75,87.97551834980565,0.5269232916512216,,
139.0,102.54,91.50800156424324,0.548080855914192,,
140.0,114.03,92.96248489632586,0.5567923833864766,,
141.0,159.98,96.477945576216,0.5778479923543349,,
142.0,191.17,100.71660989691213,0.6032351795850508,,
143.0,200.0,103.90542621979286,0.6223343747343474,,
144.0,200.0,104.16237173357234,0.6238733321447187,,
145.0,199.55,105.5570116509816,0.6322264316175461,,
146.0,200.0,105.66404814464038,0.6328675193044777,,
147.0,200.0,111.06406981417958,0.6652105761738643,,
148.0,136.57,99.27763338992082,0.5946165291707641,,
149.0,161.18,96.8507407566787,0.5800808233428386,,
150.0,121.11,94.89474164858439,0.5683655017643305,,
151.0,93.89,90.44763839442234,0.5417298839362135,,
152.0,75.96,93.95413743708572,0.5627318177967842,,
153.0,78.77,89.41790202938554,0.5355623490904315,,
154.0,177.46,90.17495244025282,0.5400966502451456,,
155.0,74.61,91.27813277925736,0.5467040727010369,,
156.0,89.86,90.65369270763054,0.5429640320152607,,
157.0,156.95,89.90577439527036,0.5384844269339009,,
158.0,108.34,87.65346236531431,0.5249943595729882,,
159.0,64.82,86.12688603956678,0.5158510360938207,,
160.0,68.72,85.17516264009572,0.5101507545177941,,
161.0,109.3,84.02157991160055,0.5032414504307894,,
162.0,67.08,83.40394064697674,0.4995421427089004,,
163.0,73.97,84.06980610614195,0.5035302978925403,,
164.0,178.95,84.02170326230463,0.5032421892313129,,
165.0,163.69,84.16761062325757,0.5041160912935182,,
166.0,88.39,85.05723734802707,0.5094444491247565,,
167.0,87.96,86.38529974468685,0.5173987871348346,,
168.0,73.95,91.76427598336782,0.549615793849473,,
169.0,95.64,90.95831726837032,0.5447885597847315,,
170.0,94.18,88.6255308137591,0.5308164964148333,,
171.0,116.22,94.0898670824086,0.5635447611340865,,
172.0,93.38,91.63432929025832,0.5488374871050877,,
173.0,118.52,94.34802877123295,0.5650910027409012,,
174.0,56.35,93.91058555330892,0.5624709667965544,,
175.0,100.24,92.53006526184578,0.5542024358482435,,
176.0,100.68,91.1314707499562,0.5458256506048768,,
177.0,56.81,91.74808223667698,0.5495188025219928,,
178.0,69.78,90.46674916980095,0.5418443466055718,,
179.0,129.59,88.26837479851957,0.5286773351264081,,
180.0,77.4,86.77480400471606,0.5197316960014888,,
181.0,67.43,88.42593720905673,0.5296210443032114,,
182.0,151.53,87.03865737678568,0.521312027552039,,
183.0,81.06,84.03866955686244,0.5033438076808909,,
184.0,110.48,86.52561545735337,0.5182391984057821,,
185.0,77.59,85.79439170050802,0.5138595842117684,,
186.0,129.86,85.48017527056278,0.5119776066040967,,
187.0,143.22,86.80604840115761,0.5199188321562674,,
188.0,72.65,86.80530507538384,0.5199143800578788,,
189.0,61.87,87.41630526550266,0.5235739235015082,,
190.0,137.35,87.35291049208529,0.5231942248841072,,
191.0,93.8,88.1100200879938,0.5277288805235385,,
192.0,87.19,89.69381311982414,0.5372148995124582,,
193.0,111.42,92.06740685777055,0.5514313752877806,,
194.0,108.22,94.86133604615924,0.568165421215564,,
195.0,124.35,96.42963833121138,0.5775586594464318,,
196.0,120.42,97.34241120388805,0.5830256495321093,,
197.0,116.4,97.56819829761663,0.5843779857373566,,
198.0,48.73,95.49807975510124,0.5719791536873622,,
199.0,78.66,97.34614262660773,0.5830479986308004,,
200.0,97.72,99.7275409317221,0.5973112193221994,,
201.0,68.84,102.04161254542232,0.6111711914448902,,
202.0,71.22,102.25579448510369,0.6124540193814124,,
203.0,75.3,104.86013170872104,0.6280525173292371,,
204.0,125.41,106.77419327900274,0.6395166569211826,,
205.0,70.18,112.85574550034407,0.6759416939647416,,
206.0,70.15,116.57588108240952,0.6982231891245265,,
207.0,114.56,120.69093732257156,0.7228700342931389,,
208.0,114.64,122.7130283692579,0.734981208973598,,
209.0,61.19,129.96143800821025,0.7783950579378838,,
210.0,144.79,134.60383313002222,0.806200362920621,,
211.0,86.02,139.27453228537271,0.8341751929575877,,
212.0,84.16,143.94079544013852,0.8621234538753983,,
213.0,158.01,148.9504583095192,0.89212848366904,,
214.0,140.47,153.35168733182667,0.9184893409534944,,
215.0,111.94,157.44688436792546,0.9430172407908277,,
216.0,140.83,161.2053388461756,0.9655282443330445,,
217.0,200.0,164.67430516628949,0.9863053785438789,,
218.0,146.47,167.69215025729895,1.0043805533069918,,
219.0,199.43,169.6157103556224,1.0159015836766843,,
220.0,162.68,171.2820150296329,1.025881800448267,,
221.0,200.0,173.33047709840696,1.038150922544363,,
222.0,193.06,174.60554568681206,1.0457878577996014,,
223.0,200.0,173.01087885002028,1.0362367109067996,,
224.0,200.0,173.0827359074179,1.0366670937897033,,
225.0,200.0,164.1039085837775,0.9828890276039643,,
226.0,199.43,170.44036120103945,1.020840772965713,,
227.0,198.53,166.33504355694618,0.9962522564457164,,
228.0,200.0,164.62062298462666,0.9859838528240494,,
229.0,194.71,166.71931246555567,0.9985538085365906,,
230.0,200.0,159.9622165646133,0.9580826492764599,,
231.0,200.0,157.70470256236663,0.9445614250617558,,
232.0,166.81,154.49938845427286,0.9253634175672469,,
233.0,125.6,149.6583720653325,0.8963684842216384,,
234.0,200.0,147.67192917995968,0.8844708217415389,,
235.0,147.6,142.47800946603968,0.8533621983021301,,
236.0,123.33,139.09470454560255,0.8330981271289656,,
237.0,109.65,135.2214897035848,0.8098997743132034,,
238.0,176.08,133.8136604047714,0.801467677951302,,
239.0,161.12,130.18686201673717,0.7797452194693899,,
240.0,133.79,128.13593145114876,0.7674613124820964,,
241.0,117.29,123.82627967979495,0.7416489508179916,,
242.0,85.7,116.71728921560775,0.6990701433728072,,
243.0,87.7,115.71418232551146,0.6930621039281755,,
244.0,63.04,112.549352787373,0.6741065759695883,,
245.0,68.51,103.23548361893118,0.61832179979208,,
246.0,89.2,105.39109751783727,0.631232700374949,,
247.0,113.31,104.97362487549388,0.6287322768138938,,
248.0,62.38,101.36332888587633,0.6071086583076586,,
249.0,71.08,99.52850000331767,0.5961190774270968,,
250.0,78.9,100.67497370700721,0.6029858025009707,,
251.0,91.18,98.13617763571158,0.5877798587587677,,
252.0,83.79,97.4744271249234,0.5838163497742577,,
253.0,91.44,97.98964792376997,0.5869022291682948,,
254.0,79.84,97.3986793980997,0.5833626639955125,,
255.0,70.27,96.15609564073677,0.57592029439243,,
256.0,117.91,98.19472938297464,0.5881305504054724,,
257.0,60.58,97.3398911079102,0.5830105555912855,,
258.0,79.25,97.27642807771737,0.5826304481546415,,
259.0,47.47,96.79416507301512,0.5797419671925981,,
260.0,78.18,96.51815771246312,0.5780888401673755,,
261.0,71.84,95.97489062592605,0.5748349794700658,,
262.0,48.88,95.45295973271794,0.5717089104292429,,
263.0,50.21,94.55211920104114,0.5663133882759479,,
264.0,90.59,93.52372500018214,0.5601538922298204,,
265.0,69.19,92.52197398659348,0.5541539737138955,,
266.0,52.16,91.79744041585565,0.5498144299275549,,
267.0,62.09,91.20692003945176,0.5462775489138548,,
268.0,97.73,89.28293438580738,0.5347539697099561,,
269.0,52.01,89.78485942375308,0.5377602150622701,,
270.0,107.57,87.68734073274862,0.5251972717151284,,
271.0,92.38,89.27964644943499,0.5347342768421155,,
272.0,72.11,87.94184576503524,0.5267216120301357,,
273.0,69.25,89.25264877465933,0.5345725761334802,,
274.0,92.37,89.07397868345551,0.5335024439610001,,
275.0,113.97,88.77546997431185,0.5317145466623093,,
276.0,75.5,89.37558372241402,0.5353088865132873,,
277.0,94.16,89.68420952931503,0.5371573794703186,,
278.0,137.67,89.89143815757585,0.5383985610282764,,
279.0,83.98,87.99722989631616,0.5270533314596677,,
280.0,126.66,86.84461843012417,0.5201498446811534,,
281.0,96.97,81.6235987836062,0.4888789080669445,,
282.0,156.16,81.20874985007082,0.4863941990286039,,
283.0,142.56,83.86417552479439,0.5022986877262099,,
284.0,108.88,84.66045790221744,0.5070679660352878,,
285.0,82.09,89.2368415891372,0.5344779000874245,,
286.0,88.4,93.60080083569915,0.5606155326238662,,
287.0,82.63,97.52258346345411,0.5841047788382568,,
288.0,199.25,104.82353816430687,0.6278333428220835,,
289.0,197.48,104.56863444062635,0.6263066145725058,,
290.0,200.0,116.56136543919798,0.6981362486819473,,
291.0,200.0,118.89451404513905,0.7121104811322259,,
292.0,182.13,127.07725210970632,0.761120425677907,,
293.0,200.0,130.9694936031478,0.7844327373084096,,
294.0,120.38,94.02965754593332,0.5631841402733806,,
295.0,147.74,91.90148378947113,0.5504375905286892,,
296.0,112.99,89.4691142585474,0.5358690812003291,,
297.0,111.13,86.51498621505935,0.5181755352931074,,
298.0,61.1,87.94967727288443,0.5267685183055619,,
299.0,58.25,85.81665708660698,0.5139929412041819,,
300.0,131.72,86.23979463110531,0.5165272943054816,,
301.0,75.58,87.21946294127724,0.5223949499943022,,
302.0,88.88,86.88606534940575,0.520398088141906,,
303.0,142.27,86.26151213956868,0.5166573698226327,,
304.0,91.36,84.85695435451186,0.5082448679664486,,
305.0,69.17,83.22470812597703,0.4984686419019987,,
306.0,104.17,83.546905723135,0.5003984221595192,,
307.0,121.76,83.1296822199849,0.4978994908004568,,
308.0,72.09,82.86038979574901,0.49628658242257256,,
309.0,57.63,83.14112093888299,0.49796800221734994,,
310.0,123.11,83.38787731917645,0.4994459325163586,,
311.0,102.53,84.80609932450747,0.507940275276237,,
312.0,85.65,84.20546876753485,0.5043428400342198,,
313.0,62.24,86.62818834448785,0.5188535516296889,,
314.0,82.92,90.04214507332604,0.5393012096924871,,
315.0,85.9,89.58573433741546,0.5365675691090385,,
316.0,79.24,86.96547671618109,0.520873717039134,,
317.0,89.94,90.77573643101776,0.5436950044682659,,
318.0,74.33,88.09380377788732,0.5276317540540385,,
319.0,79.74,89.9980601505152,0.5390371660917741,,
320.0,53.27,92.01651631975768,0.5511265699248044,,
321.0,102.72,88.97818087993453,0.5329286696325156,,
322.0,69.6,87.83951374312527,0.5261087014518572,,
323.0,34.37,88.21662271125624,0.5283673695736939,,
324.0,52.01,86.90785721349347,0.5205286090069341,,
325.0,93.58,84.71577082646061,0.5073992589751848,,
326.0,83.91,84.02803258398295,0.5032800982664084,,
327.0,67.68,84.3043623867307,0.5049351565368948,,
328.0,116.52,82.76019138055926,0.4956864509344,,
329.0,102.26,80.72494528023657,0.4834964849686614,,
330.0,79.92,81.3508862225028,0.48724551501548363,,
331.0,78.29,80.592020777795,0.4827003428409263,,
332.0,83.23,80.10723819478702,0.4797967710386203,,
333.0,134.26,81.32857266330325,0.48711186949361096,,
334.0,74.45,81.3277768727293,0.48710710316092487,,
335.0,60.69,82.3115201180356,0.4929991653923217,,
336.0,133.64,82.18717726982702,0.49225442248997425,,
337.0,92.26,82.82990428345461,0.4961039915519855,,
338.0,73.0,84.43427647671801,0.5057132680071313,,
339.0,88.94,87.27824393350554,0.5227470146878946,,
340.0,102.97,91.15964525263782,0.5459943998429841,,
341.0,134.23,92.90278789563146,0.5564348323234352,,
342.0,88.28,94.44546324203294,0.5656745797750267,,
343.0,92.04,94.98397856199055,0.5688999800945611,,
344.0,46.1,94.31516483324401,0.5648941664538685,,
345.0,58.2,94.04711009777492,0.5632886711273793,,
346.0,90.3,96.59586134616777,0.578554240715311,,
347.0,87.43,98.76503931726815,0.5915463823718661,,
348.0,54.56,98.4678980442315,0.5897666752373045,,
349.0,53.02,100.81661274432436,0.6038341397335256,,
350.0,103.86,102.7971969103328,0.6156967118185898,,
351.0,69.05,107.71656347990414,0.6451609181602991,,
352.0,56.22,111.63103146443233,0.6686063538242252,,
353.0,110.41,115.45477642212052,0.6915084101841383,,
354.0,88.26,117.7680699346383,0.7053637219235318,,
355.0,54.95,123.84697975092352,0.7417729324644892,,
356.0,135.41,128.06915915264318,0.7670613844114281,,
357.0,77.08,132.25291868269656,0.7921197231902614,,
358.0,64.0,136.30084665681113,0.8163645082451962,,
359.0,123.9,140.6575415973884,0.8424586317226086,,
360.0,116.85,144.53211960968477,0.8656651491526155,,
361.0,105.95,148.13375029860774,0.8872368674387578,,
362.0,101.59,150.53488482294833,0.9016182968522479,,
363.0,168.17,154.4230885580986,0.924906424608309,,
364.0,131.63,157.135256647171,0.9411507680780804,,
365.0,133.74,158.83766070972416,0.9513471996443504,,
366.0,135.97,160.10975354826914,0.9589663118513039,,
367.0,181.96,162.0032911378881,0.9703075244784365,,
368.0,123.23,163.89217259209192,0.9816208495040482,,
369.0,200.0,160.7111320719871,0.9625682269884884,,
370.0,194.32,167.27439032695492,1.0018784090542965,,
371.0,130.94,163.67959166159378,0.9803476107014647,,
372.0,154.83,162.75584390621245,0.9748148873137426,,
373.0,142.53,160.342482395875,0.9603602252120083,,
374.0,137.29,156.52142501521095,0.9374742659090796,,
375.0,134.07,157.50913710247235,0.9433900992452822,,
376.0,144.86,154.1412800635324,0.923218552091529,,
377.0,175.98,151.01949923593912,0.9045208614118496,,
378.0,119.56,147.7366288363523,0.8848583358654063,,
379.0,112.41,145.2114710865979,0.8697340779082251,,
380.0,189.82,139.69988395299268,0.8367228073964192,,
381.0,135.86,136.47554482014334,0.8174108508299869,,
382.0,100.22,132.7596677256894,0.7951548615876641,,
383.0,111.75,131.3339568100279,0.7866156645165382,,
384.0,159.33,127.37215122900105,0.7628867035874725,,
385.0,102.75,125.51925418988786,0.7517889047309968,,
386.0,103.73,122.34989499043127,0.7328062466787588,,
387.0,114.71,115.31694539819523,0.6906828807848162,,
388.0,96.64,110.81282825672568,0.6637057822159952,,
389.0,99.06,111.53098214557612,0.668007115338246,,
390.0,55.63,108.82120085643547,0.6517770674418355,,
391.0,58.35,102.68552889489024,0.6150278839517827,,
392.0,107.32,102.69290079015853,0.6150720374093961,,
393.0,83.69,102.93168867780852,0.6165022409720131,,
394.0,47.67,100.14823209812673,0.5998309200108514,,
395.0,77.29,97.65696451010339,0.5849096448369364,,
396.0,72.27,99.74825132951838,0.59743526281956,,
397.0,72.41,97.18819799374194,0.5821020001597557,,
398.0,58.42,96.69356891625242,0.579139453458742,,
399.0,115.51,99.21485013706992,0.5942404932135649,,
400.0,61.8,99.40816085674882,0.5953983144192287,,
401.0,53.31,98.004504658014,0.5869912125520577,,
402.0,89.1,100.45291590928724,0.6016558026566254,,
403.0,75.29,103.16921122605342,0.6179248658716465,,
404.0,95.21,101.52823043878618,0.6080963247708691,,
405.0,40.7,101.11336938769638,0.6056115431552731,,
406.0,80.21,101.83582746411673,0.6099386559117308,,
407.0,80.26,104.60154279416462,0.6265037168834039,,
408.0,53.54,100.4651339222855,0.6017289816017143,,
409.0,59.31,97.29538101372802,0.5827439654560057,,
410.0,112.03,99.43364383557359,0.5955509429610696,,
411.0,63.8,99.14446417421972,0.5938189213498607,,
412.0,69.97,97.2891529011748,0.5827066626059757,,
413.0,74.39,96.50650194576252,0.5780190287576583,,
414.0,142.9,96.17450147753036,0.5760305348808158,,
415.0,81.64,94.44558874822145,0.5656753314856754,,
416.0,99.24,92.6115080014465,0.5546902315127245,,
417.0,84.83,92.73011235543753,0.5554006041002508,,
418.0,71.25,90.53386947660505,0.542246359047911,,
419.0,93.28,90.60329934307121,0.54266220443835,,
420.0,82.61,90.23184681782182,0.540437415190524,,
421.0,85.68,88.89638512933065,0.5324387596330098,,
422.0,64.62,88.81254108905878,0.5319365815439905,,
423.0,87.19,89.1856141235017,0.5341710767197203,,
424.0,102.82,89.331587071866,0.5350453716131964,,
425.0,101.84,86.79769489443512,0.5198687994046383,,
426.0,102.19,86.56267567284935,0.5184611680071524,,
427.0,93.72,83.03024106131097,0.4973038948478904,,
428.0,135.26,85.29923333660017,0.5108938673863042,,
429.0,118.62,85.64691874323033,0.5129763051184947,,
430.0,123.53,85.62519996722126,0.5128462220094663,,
431.0,88.32,92.9725435833215,0.5568526291975937,,
432.0,72.62,91.88059766800443,0.55031249454654,,
433.0,95.71,106.38137960955495,0.6371639265753605,,
434.0,101.33,118.45179459625676,0.709458843566926,,
435.0,168.58,128.47697236387023,0.7695039534768833,,
436.0,199.23,141.77397310419425,0.849145421132933,,
437.0,200.0,172.59355543404362,1.0337371811267624,,
438.0,200.0,183.2937794620429,1.097825433995253,,
439.0,200.0,195.64106765224065,1.1717786639185594,,
440.0,199.29,195.63999061738454,1.1717722130926678,,
441.0,114.87,87.15534215525503,0.5220109029745422,,
442.0,153.94,85.06363310331528,0.5094827560593705,,
443.0,111.89,84.64270349706031,0.5069616272517014,,
444.0,99.23,82.99675153055476,0.49710331161618093,,
445.0,73.28,87.35878440221094,0.5232294062631582,,
446.0,82.11,83.15130650517918,0.49802900796327554,,
447.0,127.06,83.34476715585647,0.49918772717030013,,
448.0,79.09,84.4331961326615,0.5057067973610123,,
449.0,83.43,83.18897821467257,0.49825464006571407,,
450.0,124.91,83.35447710869646,0.4992458842622752,,
451.0,94.47,81.68876043128502,0.4892691892557159,,
452.0,68.76,81.34699383264756,0.4872222018152504,,
453.0,87.27,81.06413181523895,0.48552801929616124,,
454.0,142.5,80.14037487347146,0.4799952408872135,,
455.0,93.66,79.54929428881833,0.476455004544892,,
456.0,64.29,81.11169150571766,0.48581287477785684,,
457.0,162.29,81.5514464166266,0.48844675644769353,,
458.0,165.05,81.48180408025344,0.4880296384834194,,
459.0,81.41,82.33385078256775,0.4931329133654027,,
460.0,89.7,84.71998988668634,0.5074245287450425,,
461.0,98.26,86.78462360735382,0.5197905098333554,,
462.0,82.98,87.20498705646622,0.5223082476819174,,
463.0,72.88,83.95599448130656,0.5028486310253104,,
464.0,71.82,89.22500136032323,0.534406983854618,,
465.0,76.05,87.33561598201779,0.5230906406104001,,
466.0,98.56,91.85195409435534,0.5501409358402665,,
467.0,49.17,93.48422865979417,0.559917331626646,,
468.0,99.13,91.75084135084604,0.5495353280457667,,
469.0,99.3,89.40395367170636,0.5354788063653723,,
470.0,45.43,90.56947314463231,0.5424596047588051,,
471.0,65.51,90.29875949155849,0.5408381840289447,,
472.0,120.57,89.12754644971979,0.5338232843977014,,
473.0,99.69,88.27431362456826,0.5287129053148971,,
474.0,65.42,87.82942778078846,0.5260482922769678,,
475.0,141.88,87.22025530209521,0.5223996957847018,,
476.0,103.4,83.45713086669853,0.49986072185665853,,
477.0,90.03,84.43309116855978,0.5057061686857739,,
478.0,65.67,86.05707859752776,0.5154329292405629,,
479.0,107.11,85.79447980276224,0.5138601118941358,,
480.0,147.87,87.21640242782068,0.5223766192603103,,
481.0,80.07,87.21474496766275,0.522366692017157,,
482.0,55.64,87.3118335981312,0.5229481976645001,,
483.0,145.35,86.93790548855996,0.5207085810753398,,
484.0,77.07,87.41340063853815,0.523556526438895,,
485.0,96.03,87.78893043130265,0.5258057361989306,,
486.0,105.05,89.89012197652453,0.5383906778527637,,
487.0,79.95,92.32658420130139,0.5529837000883198,,
488.0,125.54,94.35045951842181,0.5651055615333238,,
489.0,88.49,95.62095836594963,0.5727151266411595,,
490.0,83.22,95.19236604318215,0.5701481025221186,,
491.0,42.31,94.66336463992776,0.566979685149656,,
492.0,77.49,96.79543063281831,0.5797495471756409,,
493.0,72.45,97.31329930396933,0.5828512858179861,,
494.0,62.82,99.28313782849962,0.5946494976255006,,
495.0,53.92,99.37054511518974,0.5951730175328677,,
496.0,70.02,101.47062761205353,0.6077513166181499,,
497.0,139.21,103.12742539260445,0.6176745925078935,,
498.0,86.01,107.51617406501845,0.6439606995985421,,
499.0,69.63,112.78495600631541,0.6755177051789115,,
500.0,121.19,116.65588884624734,0.6987023901007736,,
501.0,86.57,120.17974177432694,0.7198082638596022,,
502.0,61.64,125.29599451976873,0.750451706354917,,
503.0,123.7,129.67618585692185,0.776686559876982,,
504.0,64.44,133.8158860794034,0.8014810084758074,,
505.0,62.54,137.7389738382721,0.8249780716828725,,
506.0,124.2,141.7378821584303,0.8489292569056859,,
507.0,127.68,145.3991182471944,0.8708579776178849,,
508.0,102.16,148.73365029476042,0.8908299270371959,,
509.0,97.92,150.42970937530947,0.9009883557719306,,
510.0,185.68,154.4623373348714,0.9251415024463067,,
511.0,143.7,156.9147793006229,0.9398302342368847,,
512.0,126.62,158.38475259090524,0.9486345377440849,,
513.0,122.9,159.52153564269094,0.9554432213276077,,
514.0,195.01,161.31560505716303,0.9661886761888749,,
515.0,107.93,162.93853122619385,0.9759090804005599,,
516.0,185.24,159.84793725761853,0.957398181259234,,
517.0,184.57,165.4779201285602,0.9911185748635207,,
518.0,135.11,161.808943103371,0.9691434903471852,,
519.0,161.78,160.53871635524533,0.9615355549599277,,
520.0,134.39,157.9189731165588,0.9458447837487707,,
521.0,137.68,154.5105576826603,0.9254303148893374,,
522.0,139.03,156.82634811736995,0.9393005817717639,,
523.0,148.18,151.17760716596757,0.905467837939973,,
524.0,187.5,147.91537771305113,0.8859289399181679,,
525.0,129.91,144.5310254256729,0.8656585956130398,,
526.0,101.69,140.86110740929539,0.8436778750949658,,
527.0,189.47,136.1555031130916,0.8154939831273739,,
528.0,134.97,132.92537373070957,0.7961473462612345,,
529.0,91.43,129.30192843908299,0.7744449709186945,,
530.0,143.46,127.84506110939952,0.7657191646574162,,
531.0,138.95,123.97678938919938,0.7425504183284133,,
532.0,92.99,122.14679972471745,0.7315898216103303,,
533.0,96.43,119.0131636771635,0.7128211249094065,,
534.0,117.78,112.63167919180302,0.6745996642835393,,
535.0,78.69,107.43989300298269,0.6435038194453759,,
536.0,100.96,108.01858094383637,0.6469698309034847,,
537.0,53.74,105.34978306262694,0.6309852502986035,,
538.0,90.82,98.01915587604076,0.5870789650106298,,
539.0,98.5,99.21141988596261,0.5942199479614475,,
540.0,82.68,98.99171354141309,0.5929040319834776,,
541.0,63.8,97.05967546929851,0.581332223375244,,
542.0,72.06,94.04360831219637,0.5632676974244866,,
543.0,78.31,94.07733807040304,0.5634697194819207,,
544.0,71.01,92.78621535186952,0.5557366291229611,,
545.0,86.41,91.12310708160813,0.5457755569908929,,
546.0,85.6,89.30148197977189,0.5348650592431275,,
547.0,101.21,87.98273588684583,0.5269665205908876,,
548.0,76.02,89.05153073061662,0.5333679934977057,,
549.0,111.21,88.84115571884546,0.5321079668929989,,
550.0,109.42,85.03243660819686,0.5092959068062588,,
551.0,60.84,86.64141977400914,0.5189328003630568,,
552.0,50.05,84.59349224163886,0.5066668798358367,,
553.0,116.2,84.70654384264047,0.5073439945928007,,
554.0,55.9,84.45460952441923,0.505835051392157,,
555.0,56.83,84.3616870251631,0.5052784985000012,,
556.0,44.21,82.67731296607414,0.4951900563943452,,
557.0,114.14,82.42846818974719,0.4936996177915166,,
558.0,50.54,82.11510767999472,0.4918227666587305,,
559.0,74.04,82.25056868942451,0.4926341010199028,,
560.0,86.99,82.0243593930503,0.4912792360610666,,
561.0,153.69,81.50287276647349,0.48815582792455114,,
562.0,95.6,81.10046683527789,0.48574564538942283,,
563.0,131.69,80.99056976120278,0.4850874244536365,,
564.0,96.81,81.41130635240404,0.4876073972109709,,
565.0,93.47,80.3849001080956,0.4814598078933165,,
566.0,109.73,81.19767082901444,0.48632784199709334,,
567.0,79.87,82.14833468207406,0.4920217774930598,,
568.0,92.85,81.85529284998947,0.49026662367697704,,
569.0,76.65,82.3866598230048,0.4934492094661588,,
570.0,77.38,82.19449070610052,0.49229822581147553,,
571.0,99.43,82.31075145995715,0.4929945615678436,,
572.0,61.65,80.4145627939503,0.4816374705017666,,
573.0,100.5,79.64440749828928,0.4770246785445912,,
574.0,80.11,76.83822845630186,0.4602172629646414,,
575.0,122.13,76.75751637042758,0.45973384350019664,,
576.0,93.14,76.46503009995017,0.45798201718199355,,
577.0,115.12,77.74538603210003,0.4656506206174522,,
578.0,59.51,79.52203621759139,0.4762917442096945,,
579.0,76.97,81.52948772273726,0.4883152363670896,,
580.0,74.76,81.87882478869463,0.4904075665987585,,
581.0,117.6,83.67690008955181,0.5011770144398864,,
582.0,132.63,81.49070861904885,0.4880829716035956,,
583.0,200.0,87.54971606252877,0.5243729782570744,,
584.0,200.0,87.55348369419194,0.524395544226732,,
585.0,200.0,92.39448370666652,0.5533903794866295,,
586.0,200.0,92.78563000323457,0.5557331232177357,,
587.0,200.0,95.3678277371614,0.571199018220991,,
588.0,200.0,95.97244447911015,0.5748203284426405,,
